{
  "case_sensitive": false,
  "color_column_command_background": 4293914581,
  "color_column_command_tag": 4287927098,
  "color_column_command_text": 4278190080,
  "color_command_background": 4294967269,
  "color_command_tag": 4287927098,
  "color_command_text": 4278190080,
  "color_comment": 4278411782,
  "color_editor_background": 4293263359,
  "color_editor_tag": 4283210137,
  "color_editor_text": 4278190080,
  "color_icon": 4290802293,
  "color_icon_modified": 4279305390,
  "color_keyword": 4294901760,
  "color_keyword_2": 4294934656,
  "color_line_numbers": 4283210137,
  "color_plus": 4287927098,
  "color_scrollbar": 4283210137,
  "color_scrollbar_background": 4289060317,
  "color_string": 4279305390,
  "color_topline_command_background": 4292861893,
  "color_topline_command_tag": 4287927098,
  "color_topline_command_text": 4278190080,
  "font": "C:/_Dev/jedi/build/bin/Release/fonts/Hack-Regular.ttf",
  "font_size": 22,
  "height": 39,
  "last_find": "figure",
  "last_replace": "append(Word(\"",
  "mario": true,
  "mouse_scroll_steps": 3,
  "show_all_characters": false,
  "show_line_numbers": true,
  "syntax": true,
  "tab_space": 2,
  "use_spaces_for_tab": true,
  "width": 137,
  "wrap": false,
  "x": 0,
  "y": 23
}