{
  "buffer_id_to_window_id": [
    0,
    1,
    2,
    3,
    4,
    5,
    6,
    7,
    8
  ],
  "buffers": {
    "active_buffer": 8,
    "buffers": [
      {
        "bt": 0,
        "command": 1,
        "command_text": "Newcol Kill Putall Dump Load Exit ..   s cmd Hex Wrap Syntax AllChars tree WhiteBlackTheme\nWin C:/_Dev/meshscript/build/bin/release/meshscript.exe TabSpaces AllChars Edit , x/\\r\\n/c/ /",
        "filename": "+empty",
        "pos_col": 42,
        "pos_row": 0,
        "scroll_row": 0,
        "selection_col": 42,
        "selection_row": 0
      },
      {
        "bt": 0,
        "command": 1,
        "command_text": "New Delcol ",
        "filename": "",
        "pos_col": 92,
        "pos_row": 0,
        "scroll_row": 0,
        "selection_col": 92,
        "selection_row": 0
      },
      {
        "bt": 0,
        "command": 1,
        "command_text": "+Errors Del Get Undo | ",
        "filename": "+Errors",
        "pos_col": 16,
        "pos_row": 0,
        "scroll_row": 0,
        "selection_col": 16,
        "selection_row": 0
      },
      {
        "bt": 1,
        "command": 0,
        "filename": "+Errors",
        "scroll_row": 0
      },
      {
        "bt": 0,
        "command": 1,
        "command_text": "New Delcol",
        "filename": "",
        "pos_col": 10,
        "pos_row": 0,
        "scroll_row": 0,
        "selection_col": 10,
        "selection_row": 0
      },
      {
        "bt": 0,
        "command": 1,
        "command_text": "C:/_Dev/Cursus6WeWi/Cursus6WeWi/Deel1/Hoofdstuk3/ Del Get | ",
        "filename": "C:/_Dev/landusie/Landusie/",
        "pos_col": 41,
        "pos_row": 0,
        "scroll_row": 0,
        "selection_col": 41,
        "selection_row": 0
      },
      {
        "bt": 0,
        "command": 0,
        "filename": "C:/_Dev/Cursus6WeWi/Cursus6WeWi/Deel1/Hoofdstuk3/",
        "scroll_row": 0
      },
      {
        "bt": 0,
        "command": 1,
        "command_text": "C:\\_Dev\\HoloLens2Research\\HoloLens2Research\\algo\\CMakeLists.txt Del Get | ",
        "filename": "C:\\_Dev\\HoloLens2Research\\HoloLens2Research\\algo\\CMakeLists.txt",
        "pos_col": 11,
        "pos_row": 0,
        "scroll_row": 0,
        "selection_col": 11,
        "selection_row": 0
      },
      {
        "bt": 0,
        "command": 0,
        "filename": "C:\\_Dev\\HoloLens2Research\\HoloLens2Research\\algo\\CMakeLists.txt",
        "scroll_row": 0
      }
    ],
    "last_active_editor_buffer": 0,
    "mouse_pointing_buffer": 0
  },
  "grid": {
    "columns": [
      {
        "column_command_window_id": 1,
        "contains_maximized_item": 0,
        "items": [
          {
            "bottom_layer": 1.0,
            "column_id": 0,
            "top_layer": 0.0,
            "window_pair_id": 2
          }
        ],
        "left": 0.0,
        "right": 0.765625
      },
      {
        "column_command_window_id": 4,
        "contains_maximized_item": 0,
        "items": [
          {
            "bottom_layer": 0.2571428571428571,
            "column_id": 0,
            "top_layer": 0.0,
            "window_pair_id": 0
          },
          {
            "bottom_layer": 1.0,
            "column_id": 1,
            "top_layer": 0.2571428571428571,
            "window_pair_id": 1
          }
        ],
        "left": 0.765625,
        "right": 1.0
      }
    ],
    "topline": 0
  },
  "height": 1014,
  "width": 1918,
  "window_pairs": [
    {
      "command_window_id": 2,
      "window_id": 3
    },
    {
      "command_window_id": 5,
      "window_id": 6
    },
    {
      "command_window_id": 7,
      "window_id": 8
    }
  ],
  "windows": [
    {
      "buffer_id": 0,
      "cols": 137,
      "rows": 2,
      "wt": 3,
      "x": 0,
      "y": 0
    },
    {
      "buffer_id": 1,
      "cols": 104,
      "rows": 1,
      "wt": 2,
      "x": 0,
      "y": 2
    },
    {
      "buffer_id": 2,
      "cols": 33,
      "rows": 1,
      "wt": 1,
      "x": 104,
      "y": 3
    },
    {
      "buffer_id": 3,
      "cols": 33,
      "rows": 7,
      "wt": 0,
      "x": 104,
      "y": 4
    },
    {
      "buffer_id": 4,
      "cols": 33,
      "rows": 1,
      "wt": 2,
      "x": 104,
      "y": 2
    },
    {
      "buffer_id": 5,
      "cols": 33,
      "rows": 1,
      "wt": 1,
      "x": 104,
      "y": 11
    },
    {
      "buffer_id": 6,
      "cols": 33,
      "rows": 25,
      "wt": 0,
      "x": 104,
      "y": 12
    },
    {
      "buffer_id": 7,
      "cols": 104,
      "rows": 1,
      "wt": 1,
      "x": 0,
      "y": 3
    },
    {
      "buffer_id": 8,
      "cols": 104,
      "rows": 33,
      "wt": 0,
      "x": 0,
      "y": 4
    }
  ]
}